mean,std,min,max,count
0.00038871277540206416,0.020683027927286685,-0.11718751832063179,0.1364707633848441,2473.0
