mean,std,min,max,count
0.0005394001185461368,0.020171671668196254,-0.12992126653032166,0.1580309571241607,2473.0
