mean,std,min,max,count
-0.00019368674312154131,0.028477459590679162,-0.11801237635759831,0.20283008832513216,2473.0
