mean,std,min,max,count
0.0002948738527264104,0.018270581394022867,-0.0972223128199936,0.18316833744980188,2473.0
