mean,std,min,max,count
-0.0014708910853017945,0.04251482343932067,-0.20370370370370372,0.3486238532110091,693.0
