mean,std,min,max,count
0.0012312114598509924,0.02931939324933982,-0.24637681159420288,0.193864539115161,2472.0
