mean,std,min,max,count
0.0005565661273533056,0.02452595046130609,-0.12107615799196803,0.1661972889746055,2473.0
