mean,std,min,max,count
0.0001719692212291464,0.027461764453918198,-0.1448275145144079,0.25000000011771406,2472.0
