mean,std,min,max,count
5.5305406270037936e-05,0.02764023699540975,-0.16410253996796487,0.255319246735475,2472.0
