mean,std,min,max,count
0.0009793944482594523,0.025377562446199334,-0.10000006667562722,0.17307689969913964,2473.0
