mean,std,min,max,count
0.0009885523382301613,0.026351563011249534,-0.09985934650943917,0.19907418771493735,2473.0
