mean,std,min,max,count
-1.222773515432405e-05,0.021563337574037746,-0.13243246594229718,0.14583318742203977,2472.0
