mean,std,min,max,count
0.0015152959764372811,0.034837680746091344,-0.14399997639651563,0.24999991050991688,1675.0
