mean,std,min,max,count
0.0032184842746440343,0.04439316665104227,-0.08591065292096223,0.3481481481481481,760.0
