mean,std,min,max,count
0.000557790236247138,0.03018845021962823,-0.10887088901557229,0.1504065028151813,476.0
