mean,std,min,max,count
9.702850330964744e-05,0.027270424475824742,-0.15267162637164455,0.2482269383864828,2473.0
