mean,std,min,max,count
0.0001493156712786047,0.01971364696500201,-0.11453716440590067,0.12707171475085222,2472.0
