mean,std,min,max,count
0.0003146277138197793,0.02540856996327263,-0.10357143236316535,0.15909086489818436,2472.0
