mean,std,min,max,count
0.0006126557892887062,0.01460985447658968,-0.07913660272779444,0.17333338824440214,2473.0
