mean,std,min,max,count
0.001211995079477591,0.038530000199516704,-0.1879195413461343,0.34523811725812403,2472.0
