mean,std,min,max,count
0.0008869564319164826,0.03519512161181926,-0.19548857986418222,0.24666664168385877,2473.0
