mean,std,min,max,count
0.0011386687685241042,0.03267844434584537,-0.11057686258923427,0.24920118804394398,1635.0
