mean,std,min,max,count
0.01060852960135855,0.3161755637531644,-0.9012269998554263,9.06211161851837,2472.0
