mean,std,min,max,count
0.0006012806082939924,0.029915388414494117,-0.17826087545088165,0.24778763465441345,2473.0
