mean,std,min,max,count
0.0002019809513560258,0.017769216012471414,-0.08695654257822072,0.13740466192783085,2472.0
