mean,std,min,max,count
0.0005670755995987448,0.023988532572503895,-0.10026380979045446,0.17857144653692103,2472.0
