mean,std,min,max,count
0.003840103464938634,0.03200549323979944,-0.18055555555555558,0.19905213270142186,396.0
