mean,std,min,max,count
6.786742259137055e-05,0.020623237936685534,-0.08083819652421098,0.17725754879550482,2473.0
