mean,std,min,max,count
0.0006451304352658135,0.018616919201003158,-0.1043478678003944,0.11961721202499564,2465.0
