mean,std,min,max,count
0.0019220184077968405,0.034586648401501295,-0.18181813935636715,0.24761909473943944,2473.0
