mean,std,min,max,count
0.003211114120978113,0.051171785540178316,-0.33750004417122204,0.34507048527966355,2254.0
