mean,std,min,max,count
-0.0004827295893065577,0.019850477671517583,-0.15416666666666667,0.1938326142376019,2473.0
