mean,std,min,max,count
-0.0017618411103279823,0.031185245957463168,-0.12121212121212122,0.14782608695652177,442.0
