mean,std,min,max,count
0.0009065768558475542,0.02879330446929032,-0.1394736475997178,0.23660712862272248,2390.0
