mean,std,min,max,count
0.0005014884967453118,0.019952873751559737,-0.07736379471676091,0.20491819899383668,2473.0
