mean,std,min,max,count
-0.0003484553414847775,0.024737352773008685,-0.12149533159160741,0.20000013045044618,2473.0
