mean,std,min,max,count
0.0011853845627174979,0.03172700043493636,-0.18181815607678675,0.3515357854554728,2472.0
