mean,std,min,max,count
0.0003071557522200021,0.023891516995359855,-0.15027339322585198,0.21710534161576622,2473.0
