mean,std,min,max,count
0.0008613387055707903,0.02637528029200436,-0.17248466550798636,0.21212118917096867,2472.0
