mean,std,min,max,count
0.0003879646197445927,0.017169452912275243,-0.08958829331689222,0.14457847280902936,2472.0
