mean,std,min,max,count
0.0008372306523644002,0.028603580655859023,-0.16250008439341523,0.23249299394170064,2473.0
