mean,std,min,max,count
0.00037170019590841274,0.029884009214365445,-0.15932203728991068,0.17757008724670076,2472.0
