mean,std,min,max,count
0.00044927181637632754,0.026629455005205326,-0.1547617465848129,0.16627058653601923,2472.0
