mean,std,min,max,count
0.0007502032724537231,0.029808393104702298,-0.09259255007643141,0.24836603111031952,2473.0
