mean,std,min,max,count
0.002731611043225046,0.11678704461371409,-0.807643316231396,4.016778131314263,2472.0
