mean,std,min,max,count
-4.745763204421362e-05,0.012505391720946816,-0.0826127942453414,0.14921573213910877,2423.0
