mean,std,min,max,count
0.00010235852690350696,0.009647385527080487,-0.065786727828536,0.10190686200423293,2423.0
